service_name,eligible_count,eligible_share,no_parent_count
Parking Violation,72667,0.23266767204254596,63428
Encampment,40817,0.1306892588074449,31096
Missed Collection,29490,0.09442208497027098,29096
Illegal Dumping,21744,0.06962067872477355,19099
Pothole,18099,0.05794999375642368,13846
Graffiti - Public,13007,0.04164625497484959,12726
Other,11069,0.03544110066245946,9989
Graffiti - Code Enforcement,9373,0.030010790180615456,8253
Parks Issue,7996,0.02560186474812773,7203
Parking - 72-Hours,6926,0.022175902356870014,5589
Tree Maintenance,6673,0.021365838352208146,6103
ROW Maintenance,6418,0.020549370679525232,5248
Environmental Services Code Compliance,6350,0.020331645966809787,5681
Traffic Signal Issue,6228,0.019941022217526198,5640
Street Light Maintenance,5493,0.017587674219793098,3378
Graffiti - Private,4714,0.015093445525597061,4284
Traffic Signal Timing,4655,0.01490453731897631,4311
Sidewalk Repair Issue,4546,0.014555537411829496,3640
Traffic Sign Maintenance,4126,0.01321076712741058,3775
Dead Animal,4116,0.013178748787305369,3710
Vegetation Encroachment,4087,0.013085895601000253,3510
ESD Collections,3102,0.009932089100636844,3068
Waste on Private Property,2826,0.009048382913732986,2011
Traffic Engineering,2645,0.008468850957828645,2593
Stormwater,2582,0.008267135415165806,2181
Development Services - Code Enforcement,2470,0.00790853000598743,2141
Street Sweeping,2050,0.006563759721568515,1880
Trash/Recycling Collection,1654,0.005295833453402109,1573
Stormwater Code Enforcement,1506,0.004821962019844967,1197
Oversized Vehicle,1353,0.00433208141623522,1348
STRO Violation,1194,0.0038229898085623444,837
Pavement Maintenance,1088,0.0034835954034470947,966
Weed Cleanup,898,0.0028752469414480616,851
Building and Land Use Enforcement,218,0.0006979998142936274,192
Right-of-Way Code Enforcement,87,0.00027855955891534673,79
Parking,22,7.044034823146699e-05,21
Street Flooded,14,4.4825676147297174e-05,0
Shared Mobility Device,12,3.842200812625472e-05,12
Bicycle-Related Issue,4,1.2807336042084907e-05,1
Container Request,1,3.2018340105212267e-06,1
PUD Code Compliance,1,3.2018340105212267e-06,1
