metric,value,notes
source_rows,378669,
source_columns,23,
unique_request_ids,378669,
missing_service_name_rows,180,
missing_or_blank_description_rows,66260,
nonsemantic_description_rows,78,Nonblank descriptions containing only placeholders or punctuation
modeling_eligible_rows,312321,
raw_service_categories,42,
eligible_service_categories,41,
parent_child_rows,41999,
eligible_parent_child_rows,41763,
repeated_description_rows,83479,
unique_eligible_descriptions,240143,
ambiguous_description_groups,2882,
rows_with_ambiguous_description,50145,
descriptions_with_email,196,
descriptions_with_url,892,
descriptions_with_phone,2578,
descriptions_with_address_pattern,24804,
descriptions_with_source_street_address,5565,
descriptions_with_license_plate_pattern,1468,
invalid_chronology_rows,4,
requests_submitted_before_2025,26732,
requests_submitted_after_2025,1,
minimum_request_date,2016-05-31T14:29:00,
maximum_request_date,2026-03-01T11:14:00,
minimum_close_date,2025-01-01,
maximum_close_date,2025-12-31,
