column,missing_count,missing_share
service_request_id,0,0.0
service_request_parent_id,336670,0.889087831324983
sap_notification_number,331838,0.8763273465744489
date_requested,0,0.0
case_age_days,0,0.0
case_record_type,0,0.0
service_name,180,0.00047534918358777716
service_name_detail,138389,0.36546165648627166
date_closed,0,0.0
status,0,0.0
lat,399,0.0010536906902862393
lng,399,0.0010536906902862393
street_address,1100,0.0029049116774808605
zipcode,7024,0.01854918147511415
council_district,1233,0.003256141907576274
comm_plan_code,1296,0.0034225141218319956
comm_plan_name,1296,0.0034225141218319956
park_name,362626,0.9576331835983405
case_origin,84,0.00022182961900762935
referred,348677,0.9207962626990854
iamfloc,39341,0.10389284573070412
floc,41491,0.10957062764578035
public_description,66260,0.1749813161362562
